Price,Open,High,Low,Vol.,Change %
647.49,636.4,652.0,634.2,19070000.0,0.0173
636.45,627.36,636.6,621.15,9910000.0,0.0208
623.5,623.3,633.7,619.43,12270000.0,0.011399999999999999
616.46,617.83,621.5,609.01,11670000.0,0.006
612.77,624.05,624.97,603.67,17280000.0,0.0024
611.3,611.5,616.25,609.71,8359999.999999999,-0.009399999999999999
617.12,610.21,622.46,606.5,15520000.0,0.0385
594.25,605.07,605.49,588.55,13600000.0,-0.0231
608.33,607.1,608.97,598.45,10790000.0,-0.012199999999999999
615.86,610.03,629.91,597.34,19260000.0,0.0084
610.72,613.4,616.44,602.79,10090000.0,-0.0116
617.89,631.7,632.1,608.23,12070000.0,-0.0195
630.2,611.83,630.99,605.62,14560000.0,0.042300000000000004
604.63,604.76,609.5,596.41,11440000.0,0.009000000000000001
599.24,589.72,604.91,587.82,12680000.0,0.023399999999999997
585.51,592.27,593.97,583.85,6020000.0,-0.0097
591.24,588.75,596.94,585.58,7030000.0,-0.0143
599.81,599.41,601.85,589.8,8080000.0,-0.0059
603.35,605.48,606.3,598.94,6090000.0,-0.0072
607.75,602.72,607.99,599.28,4730000.0,0.0132
599.85,589.6,601.09,586.25,10210000.0,0.024900000000000002
585.25,590.58,603.11,580.0,48990000.0,-0.0173
595.57,610.39,611.52,595.0,14960000.0,-0.0027
597.19,621.0,627.36,596.32,17080000.0,-0.0359
619.44,626.17,632.37,616.54,12900000.0,-0.0077
624.24,629.97,631.15,618.58,10890000.0,0.0063
620.35,627.22,631.08,616.89,8450000.0,-0.0166
630.79,631.5,636.66,627.21,7470000.0,-0.003
632.68,623.37,638.4,621.53,10840000.0,0.0216
619.32,617.56,625.59,612.74,10940000.0,0.009399999999999999
613.57,623.92,626.4,606.17,11430000.0,-0.016399999999999998
623.77,610.1,629.79,608.53,16940000.0,0.024399999999999998
608.93,617.08,619.9,607.05,8080000.0,-0.0079
613.78,612.96,617.78,605.1,14700000.0,0.0002
613.65,595.0,614.2,591.25,14910000.0,0.0351
592.83,577.5,594.5,575.57,12520000.0,0.0322
574.32,569.0,578.46,566.9,7130000.0,0.009000000000000001
569.2,574.89,574.98,564.1,7200000.0,-0.0076
573.54,566.0,577.5,565.2,10360000.0,0.0149
565.11,562.1,572.59,556.39,13600000.0,0.010700000000000001
559.14,563.55,563.83,554.59,9160000.0,-0.006999999999999999
563.09,569.52,570.0,549.05,11150000.0,-0.0043
565.52,562.93,566.35,554.2,9800000.0,0.0079
561.09,551.86,561.43,550.6,9520000.0,0.0121
554.4,557.04,559.9,550.09,14350000.0,0.0006
554.08,571.22,572.57,551.5,17710000.0,-0.04
577.16,577.0,580.76,573.01,11050000.0,-0.0049
580.0,582.6,585.64,575.17,10760000.0,-0.008199999999999999
584.82,588.54,599.66,580.38,16290000.0,0.0028000000000000004
583.17,586.36,587.0,576.51,10210000.0,-0.0105
589.34,591.54,593.1,584.52,9420000.0,-0.004
591.7,576.89,594.8,575.21,14650000.0,0.0344
572.05,562.75,573.0,555.17,18310000.0,-0.0007000000000000001
572.43,567.3,573.48,566.67,9780000.0,0.021
560.68,564.1,568.69,557.89,12060000.0,-0.011399999999999999
567.16,567.6,573.67,562.56,15300000.0,-0.0007000000000000001
567.58,585.0,589.9,563.01,26840000.0,-0.0409
591.8,600.98,601.2,589.38,26860000.0,-0.0025
593.28,580.15,593.67,575.4,13020000.0,0.0262
578.16,582.0,583.75,574.12,10930000.0,0.0086
573.25,573.93,581.29,571.72,11340000.0,0.0096
567.78,567.13,568.88,561.52,7180000.0,0.0073
563.69,579.97,585.0,562.5,14250000.0,-0.0315
582.01,574.29,583.53,572.12,8540000.0,0.011899999999999999
575.16,576.03,577.24,569.11,8170000.0,-0.0023
576.47,581.1,583.97,575.25,7690000.0,-0.0008
576.93,583.33,584.97,575.2,8700000.0,0.0002
576.79,581.4,582.08,574.03,11270000.0,-0.016200000000000003
586.27,590.16,590.61,580.14,9560000.0,-0.006999999999999999
590.42,594.22,600.1,589.96,8250000.0,0.0008
589.95,584.83,591.21,582.71,8590000.0,0.0105
583.83,587.57,590.23,582.52,7740000.0,-0.0113
590.51,593.99,594.39,581.61,9530000.0,-0.004
592.89,589.69,593.56,585.97,7860000.0,0.0139
584.78,598.22,602.95,584.04,12010000.0,-0.0187
595.94,583.73,596.85,581.43,14200000.0,0.0226
582.77,570.15,583.36,568.73,11580000.0,0.0174
572.81,574.86,576.0,569.34,6520000.0,-0.0063
576.47,577.98,583.04,570.1,15260000.0,0.006999999999999999
572.44,567.7,574.68,564.8,12810000.0,0.009000000000000001
567.36,570.1,570.84,564.51,9400000.0,-0.0008
567.84,575.73,577.4,562.35,14400000.0,-0.0008
568.31,564.05,576.88,563.72,16540000.0,0.0088
563.33,566.68,567.74,554.19,12990000.0,-0.0019
564.41,569.5,573.98,562.41,12830000.0,0.0055000000000000005
561.35,560.0,564.5,556.3,22070000.0,0.004
559.1,550.0,562.07,546.52,15650000.0,0.0393
537.95,537.07,544.2,533.9,10320000.0,0.003
536.32,537.6,542.1,530.57,11690000.0,0.005699999999999999
533.28,524.54,534.1,517.4,9530000.0,0.0165
524.62,520.34,527.58,517.11,10320000.0,-0.0019
525.6,517.05,526.71,515.22,11990000.0,0.0269
511.83,507.01,513.12,495.6,10780000.0,0.0139
504.79,508.16,514.18,500.03,9900000.0,0.0
504.79,506.16,511.33,502.08,11050000.0,0.009000000000000001
500.27,521.88,524.58,498.25,14740000.0,-0.0321
516.86,511.72,521.63,511.15,8640000.0,0.008
512.74,506.07,516.59,504.07,8340000.0,0.0019
511.76,519.64,525.49,508.62,12460000.0,-0.0183
521.31,521.35,523.54,515.2,9160000.0,0.006
518.22,519.05,527.2,515.68,8320000.0,0.0028000000000000004
516.78,517.67,521.09,512.45,9110000.0,-0.0045000000000000005
519.1,518.98,524.01,515.31,6280000.0,-0.0039000000000000003
521.12,527.6,528.0,514.95,9580000.0,-0.013000000000000001
528.0,536.92,539.87,525.06,11320000.0,-0.0074
531.93,537.0,544.23,528.59,15710000.0,-0.006
535.16,527.15,539.4,526.93,13420000.0,0.016
526.73,528.35,531.09,525.88,7940000.0,-0.0048
529.28,526.87,531.66,522.76,9880000.0,0.0034999999999999996
527.42,531.9,533.66,524.66,14780000.0,-0.0184
537.33,531.79,539.77,526.7,13480000.0,0.020099999999999996
526.76,528.06,534.0,523.13,11440000.0,-0.0034000000000000002
528.54,520.01,531.5,518.15,13740000.0,0.024399999999999998
515.95,516.86,518.02,509.1,9770000.0,-0.0034999999999999996
517.77,507.71,518.34,505.7,13700000.0,0.016
509.63,497.5,509.96,494.72,16160000.0,0.0424
488.92,503.13,510.15,486.86,20110000.0,-0.0105
494.09,479.0,502.56,478.65,20950000.0,0.038599999999999995
475.73,451.35,483.48,450.8,21400000.0,-0.0254
488.14,489.0,501.14,476.15,24040000.0,-0.019299999999999998
497.74,521.0,527.17,492.1,43080000.0,0.0482
474.83,471.02,476.5,466.75,24290000.0,0.025099999999999997
463.19,467.0,472.73,456.7,11390000.0,-0.0054
465.71,469.88,473.96,465.02,11340000.0,0.0
465.7,464.2,469.77,459.42,14220000.0,0.0271
453.41,463.26,463.55,442.65,18240000.0,-0.017
461.27,472.3,476.3,460.58,17650000.0,-0.056100000000000004
488.69,489.84,495.22,487.72,9460000.0,0.0026
487.4,486.58,492.06,483.9,12020000.0,0.0223
476.79,476.06,486.71,475.71,15150000.0,0.002
475.85,475.0,479.24,464.54,19270000.0,0.03
461.99,479.17,479.17,459.12,28080000.0,-0.056799999999999996
489.79,501.5,503.95,485.79,14080000.0,-0.0128
496.16,498.63,506.68,493.37,12540000.0,-0.0054
498.87,497.76,508.09,494.23,19750000.0,-0.027000000000000003
512.7,530.89,535.46,508.37,16460000.0,-0.041100000000000005
534.69,530.79,538.88,528.36,10980000.0,0.0088
530.0,533.75,537.48,528.19,8770000.0,0.0013
529.32,542.35,542.81,526.65,14920000.0,-0.0196
539.91,511.6,540.87,511.6,21350000.0,0.0587
509.96,506.37,511.28,506.02,6010000.0,0.0009
509.5,500.76,510.5,499.45,7740000.0,0.0096
504.68,504.95,506.58,493.17,10330000.0,0.0009
504.22,517.15,521.88,503.84,15860000.0,-0.029500000000000002
519.56,514.25,522.88,513.9,10120000.0,0.0126
513.12,506.64,513.81,504.68,8880000.0,0.0049
510.6,497.05,510.71,495.5,12110000.0,0.023399999999999997
498.91,499.2,507.8,494.29,13530000.0,0.0083
494.78,503.45,503.45,492.39,23130000.0,-0.0138
501.7,502.0,503.67,496.77,11800000.0,0.0044
499.49,504.56,506.0,495.02,13060000.0,-0.0141
506.63,501.67,510.75,496.01,11270000.0,0.0049
504.16,502.65,507.15,500.75,10240000.0,0.0001
504.1,505.71,509.36,501.36,9950000.0,-0.009300000000000001
508.84,513.99,514.01,504.47,11980000.0,0.0027
507.47,500.16,507.6,498.27,9670000.0,0.0097
502.6,493.86,502.66,493.41,11240000.0,0.0196
492.96,495.91,498.91,490.17,9380000.0,-0.0016
493.76,492.98,502.82,490.89,10670000.0,-0.0026
495.06,484.45,496.65,483.91,15690000.0,0.0379
476.99,477.0,478.89,473.23,7090000.0,-0.001
477.49,470.86,479.6,468.24,11280000.0,0.022799999999999997
466.83,465.8,469.12,454.46,16920000.0,-0.0005
467.05,471.67,471.73,464.71,10740000.0,-0.0154
474.36,474.66,479.85,473.7,9230000.0,-0.0116
479.92,476.58,480.86,474.84,10180000.0,0.0036
478.22,467.62,479.85,466.3,12020000.0,0.026699999999999998
465.78,472.88,474.36,461.54,11750000.0,-0.0043
467.78,467.87,473.72,465.65,10080000.0,0.0068000000000000005
464.63,467.12,470.7,462.27,11740000.0,-0.009000000000000001
468.84,469.95,473.2,467.04,11750000.0,-0.006500000000000001
471.91,470.83,472.8,468.42,10810000.0,-0.0028000000000000004
473.23,475.0,477.69,472.75,16610000.0,-0.0173
481.54,474.98,482.5,471.2,13100000.0,0.020499999999999997
471.85,463.37,472.54,460.08,10480000.0,0.008199999999999999
468.01,472.75,473.35,462.85,14670000.0,-0.0172
476.2,477.09,477.5,469.6,10750000.0,0.0016
475.42,470.0,476.08,467.63,9440000.0,0.006
472.6,463.5,475.58,463.0,11680000.0,0.009300000000000001
468.24,466.29,471.53,461.31,13410000.0,0.0055000000000000005
465.68,455.58,466.16,453.34,15090000.0,0.0304
451.96,445.93,454.17,443.85,16489999.999999998,0.0233
441.68,438.84,443.96,432.28,15220000.0,0.005699999999999999
439.19,428.6,449.96,427.11,20340000.0,0.021
430.17,431.05,439.62,429.72,18430000.0,-0.005699999999999999
432.62,439.56,439.76,428.56,21500000.0,-0.0241
443.29,441.46,446.44,431.96,32689999.999999996,0.0043
441.38,421.4,445.77,414.5,82890000.0,-0.1056
493.5,508.06,510.0,484.58,37770000.0,-0.0052
496.1,491.25,498.76,488.97,15080000.0,0.0298
481.73,489.71,492.01,473.4,17270000.0,0.0014000000000000002
481.07,502.8,502.8,475.73,25220000.0,-0.041299999999999996
501.8,499.82,512.21,499.04,14810000.0,0.0154
494.17,503.1,503.16,487.14,12190000.0,-0.011200000000000002
499.76,498.11,504.77,497.11,9850000.0,-0.0009
500.23,516.72,518.53,497.28,13510000.0,-0.022799999999999997
511.9,517.75,520.19,509.33,11980000.0,-0.0215
523.16,521.11,523.86,517.29,10370000.0,0.0064
519.83,509.29,522.56,505.8,11420000.0,0.005699999999999999
516.9,522.23,525.87,506.74,10880000.0,-0.0045000000000000005
519.25,529.28,531.49,518.89,13260000.0,-0.015300000000000001
527.34,516.85,530.7,514.41,19260000.0,0.0321
510.92,516.42,530.0,510.58,26480000.0,0.008199999999999999
506.74,498.93,507.24,498.75,12100000.0,0.018799999999999997
497.37,485.1,497.53,484.65,11080000.0,0.0123
491.35,487.2,497.43,481.78,9250000.0,0.011899999999999999
485.58,492.84,492.89,485.15,15210000.0,-0.0168
493.86,499.3,499.89,488.07,9990000.0,-0.0040999999999999995
495.89,505.13,510.0,495.21,11210000.0,-0.014199999999999999
503.02,505.79,507.22,500.24,8380000.000000001,-0.0129
509.58,507.0,509.97,504.34,8119999.999999999,0.0036
507.76,514.71,515.04,506.01,9710000.0,0.0044
505.52,499.5,508.2,495.17,11710000.0,0.0187
496.24,488.17,496.63,481.28,10900000.0,-0.0015
496.98,491.91,497.42,486.81,11760000.0,0.026600000000000002
484.1,489.01,491.83,481.3,29150000.0,-0.015700000000000002
491.83,500.26,501.35,488.16,12620000.0,-0.0075
495.57,495.39,500.98,491.03,12090000.0,-0.0084
499.75,493.26,502.31,484.73,15450000.0,0.0334
483.59,497.01,497.32,476.0,20430000.0,-0.044199999999999996
505.95,514.19,523.57,499.35,18600000.0,-0.012199999999999999
512.19,503.28,519.85,501.38,18590000.0,0.0325
496.09,497.63,502.97,494.29,11760000.0,0.012
490.22,495.0,495.58,487.89,15330000.0,-0.016
498.19,503.0,504.42,496.42,12320000.0,-0.008199999999999999
502.3,492.11,504.25,491.85,15880000.0,0.0248
490.13,488.44,491.7,482.61,17730000.0,0.0126
484.02,485.0,491.05,482.75,12720000.0,-0.0062
487.05,479.98,487.27,479.92,10810000.0,0.011000000000000001
481.74,483.47,486.14,480.6,12100000.0,-0.004699999999999999
484.03,488.05,494.36,482.35,18370000.0,-0.0043
486.13,480.24,489.99,476.06,21630000.0,0.0387
468.03,466.5,469.0,461.79,12980000.0,-0.0079
471.75,469.71,476.18,466.56,18020000.0,-0.0033
473.32,478.11,478.96,469.21,23320000.0,-0.022099999999999998
484.03,475.28,488.62,472.22,24210000.0,0.0227
473.28,467.93,474.11,466.09,16860000.0,0.0286
460.12,456.87,467.89,455.09,20920000.0,-0.0187
468.9,468.19,479.14,466.58,19380000.0,0.0017000000000000001
468.11,472.95,473.59,467.46,18410000.0,-0.004
470.0,468.32,470.59,465.03,18820000.0,0.0009
469.59,458.0,471.52,456.18,23070000.0,0.0327
454.72,464.0,467.12,453.0,21660000.0,-0.0102
459.41,469.88,471.9,459.22,40830000.0,-0.032799999999999996
474.99,459.6,485.96,453.01,84710000.0,0.2032
394.78,393.94,400.5,393.05,29730000.0,0.011899999999999999
390.14,389.0,398.0,387.1,20180000.0,-0.0248
400.06,403.59,406.36,399.57,18610000.0,-0.0024
401.02,394.98,402.93,393.1,18740000.0,0.0175
394.14,394.35,396.79,391.59,13160000.0,0.0024
393.18,390.17,395.49,385.66,15090000.0,0.0063
390.7,390.0,396.15,387.81,15600000.0,0.0143
385.2,384.61,388.38,382.08,15510000.0,0.009000000000000001
381.78,387.95,390.35,381.16,17680000.0,-0.0044
383.45,379.0,384.36,377.97,21670000.0,0.0195
376.13,371.49,376.85,370.95,16350000.000000002,0.021099999999999997
368.37,366.3,368.54,358.61,12720000.0,0.0025
367.46,373.65,375.61,367.23,15310000.0,-0.018799999999999997
374.49,370.15,377.06,369.54,19310000.0,0.013000000000000001
369.67,372.13,372.78,362.93,17210000.0,-0.0022
370.47,360.17,372.94,359.08,22120000.0,0.0365
357.43,356.4,360.64,355.36,13460000.0,-0.0034000000000000002
358.66,354.7,358.98,352.05,13890000.0,0.0191
351.95,346.99,353.5,346.26,13750000.0,0.0139
347.12,344.5,348.15,343.4,12100000.0,0.0077
344.47,344.98,347.95,343.17,15450000.0,-0.0053
346.29,351.32,353.16,340.01,19040000.0,-0.0217
353.96,358.99,360.0,351.82,14990000.0,-0.012199999999999999
358.32,359.7,361.9,357.81,11800000.0,0.0014000000000000002
357.83,356.07,359.0,355.31,13210000.0,0.0085
354.83,354.99,356.98,353.45,9900000.0,0.0040999999999999995
353.39,355.58,357.2,351.22,11770000.0,-0.002
354.09,352.98,356.4,349.21,15290000.0,0.0138
349.28,348.65,354.96,347.79,16370000.000000002,-0.0031
350.36,345.58,353.6,345.12,17730000.0,0.0167
344.62,337.48,347.56,337.02,18990000.0,0.028999999999999998
334.92,331.99,338.66,331.22,31780000.0,0.0053
333.17,333.85,334.7,328.64,19610000.0,-0.004699999999999999
334.74,333.93,338.37,332.64,16350000.000000002,0.0016
334.22,324.6,334.47,324.56,18490000.0,0.0275
325.28,329.4,329.89,319.99,25800000.0,-0.022400000000000003
332.75,323.09,333.17,323.0,14090000.0,0.0189
326.59,317.77,328.24,317.77,15910000.0,0.0288
317.45,321.93,322.25,317.04,11290000.0,-0.0026
318.29,318.98,321.88,315.39,16950000.0,-0.0054
320.02,317.29,320.86,313.66,19040000.0,-0.0148
324.82,325.48,326.86,320.76,15280000.0,-0.0070999999999999995
327.15,331.89,333.5,322.4,23150000.0,-0.0152
332.2,339.69,339.9,330.78,16020000.0,-0.02
338.99,333.4,339.38,333.4,12640000.0,0.0128
334.7,336.18,339.9,334.2,15680000.0,-0.0104
338.23,340.13,341.86,336.77,5470000.0,-0.0095
341.49,339.21,342.92,338.58,10720000.0,0.0134
336.98,338.33,339.9,335.9,12030000.0,-0.0088
339.97,334.89,341.87,334.19,16980000.0,0.0147
335.04,330.26,335.5,329.35,14520000.0,0.0025
334.19,329.37,334.58,326.38,18930000.0,0.0044
332.71,337.93,338.4,330.02,14530000.0,-0.010700000000000001
336.31,334.54,338.1,333.33,17180000.0,0.0216
329.19,326.2,332.33,325.7,16910000.0,0.0013
328.77,319.94,329.1,319.46,19120000.0,0.0256
320.55,319.42,324.18,318.8,16100000.000000002,0.0024
319.78,318.14,321.33,314.88,13610000.0,0.003
318.82,317.06,321.0,315.12,14060000.0,0.0096
315.8,315.98,318.33,314.45,12890000.0,0.0038
314.6,312.55,315.55,311.02,16760000.000000002,0.012
310.87,317.3,318.82,308.33,21630000.0,-0.0031
311.85,301.85,312.74,301.85,20430000.0,0.0351
301.27,303.31,303.68,296.86,19430000.0,-0.0046
302.66,299.09,309.4,299.05,28440000.0,0.02
296.73,294.48,299.31,292.97,29600000.0,0.0291
288.35,295.0,295.0,279.4,66680000.00000001,-0.0373
299.53,310.0,310.88,298.84,42190000.0,-0.0417
312.55,316.78,318.35,310.63,19530000.0,-0.0046
314.01,309.5,317.36,307.26,17800000.0,0.0174
308.65,314.14,315.3,306.47,22310000.0,-0.013300000000000001
312.81,319.88,321.89,311.75,18710000.0,-0.0131
316.97,321.39,325.94,315.56,16850000.0,-0.0217
324.0,318.18,324.4,317.3,16390000.0,0.0089
321.15,318.64,321.82,315.52,16540000.0,0.020499999999999997
314.69,323.53,325.05,312.37,21360000.0,-0.0292
324.16,328.0,330.54,322.69,20530000.0,-0.011200000000000002
327.82,323.01,328.83,322.95,22040000.0,0.018600000000000002
321.84,319.12,324.66,318.16,19040000.0,0.0109
318.36,312.5,320.33,311.82,22500000.0,0.009300000000000001
315.43,301.44,316.31,300.91,21800000.0,0.0349
304.79,304.63,306.21,299.5,19130000.0,-0.0026
305.58,298.73,306.9,298.5,16880000.0,0.0154
300.94,304.26,306.77,299.64,17360000.0,-0.0192
306.82,302.74,307.18,301.63,16270000.0,0.022000000000000002
300.21,307.38,310.64,299.36,25370000.0,-0.0123
303.96,298.93,306.33,296.7,22170000.0,0.0209
297.74,300.45,301.3,286.79,36430000.0,-0.0040999999999999995
298.96,297.66,300.3,296.01,19420000.0,-0.0062
300.83,295.64,300.95,293.7,18990000.0,0.0059
299.08,299.3,305.38,298.27,25370000.0,0.0113
295.73,295.7,300.26,293.27,21320000.0,-0.0131
299.67,305.05,308.06,299.43,19380000.0,-0.0177
305.07,302.48,306.17,299.81,15930000.0,0.0083
302.55,298.19,303.6,297.8,14230000.0,0.0075
300.31,311.61,312.0,298.75,28130000.0,-0.0366
311.72,306.74,312.87,305.03,19340000.0,0.0218
305.06,302.36,307.18,301.32,13210000.0,0.0113
301.66,306.33,308.66,300.23,13480000.0,-0.0192
307.56,301.41,309.04,301.28,19490000.0,0.0325
297.89,299.22,305.25,296.78,17570000.0,-0.0026
298.67,298.0,307.05,292.22,33750000.0,-0.0017000000000000001
299.17,301.71,303.3,295.66,15420000.0,-0.0033
300.15,297.02,301.39,295.51,14960000.0,0.0127
296.38,299.37,301.74,294.47,12840000.0,0.0017000000000000001
295.89,295.8,301.1,295.66,17230000.0,0.0027
295.1,297.17,298.29,293.43,17720000.0,-0.0097
297.99,288.58,299.15,288.18,20840000.0,0.026600000000000002
290.26,288.0,291.45,285.8,14240000.0,0.0167
285.5,286.13,288.39,276.03,23700000.0,-0.0044
286.75,298.5,299.46,286.64,18360000.0,-0.0255
294.24,288.5,297.4,287.67,18290000.0,0.0231
287.6,292.55,292.9,286.75,13000000.0,-0.0079
289.9,283.45,290.5,281.85,20180000.0,0.0235
283.25,279.03,285.69,274.38,35350000.0,-0.006500000000000001
285.09,293.05,296.05,284.95,23950000.0,-0.0313
294.29,300.2,301.08,294.28,18550000.0,-0.0254
301.95,306.14,307.23,300.03,11620000.0,-0.0138
306.19,300.98,306.21,298.25,15640000.0,0.0151
301.64,302.57,304.72,300.36,14050000.0,-0.0134
305.74,307.94,312.34,303.87,14360000.0,0.0017000000000000001
305.21,312.88,313.63,302.85,19960000.0,-0.023799999999999998
312.64,314.4,317.89,310.11,15180000.0,-0.0124
316.56,313.23,317.07,310.46,16239999.999999998,0.018799999999999997
310.73,314.96,318.41,310.2,17610000.0,-0.0079
313.19,309.93,315.95,309.93,15220000.0,-0.0036
314.31,318.0,318.39,310.65,20460000.0,-0.026000000000000002
322.71,317.54,324.14,314.66,22890000.0,0.0129
318.6,323.69,325.66,317.59,25800000.0,-0.021099999999999997
325.48,316.88,326.2,314.25,39220000.0,0.044199999999999996
311.71,325.12,325.35,309.84,64230000.00000001,0.044000000000000004
298.57,301.19,301.77,291.9,47260000.0,0.0139
294.47,295.19,298.3,291.86,19590000.0,0.0098
291.61,295.78,297.52,288.3,24950000.0,-0.009000000000000001
294.26,304.57,305.46,291.2,42140000.0,-0.0273
302.52,313.5,315.54,302.22,23840000.0,-0.042699999999999995
316.01,313.03,318.68,310.52,21760000.0,0.0127
312.05,310.88,314.2,307.62,20760000.0,0.0046
310.62,307.54,311.71,304.71,25320000.0,0.005699999999999999
308.87,311.79,314.88,307.36,23050000.0,-0.014499999999999999
313.41,313.62,316.24,310.29,30280000.0,0.0132
309.34,301.74,309.45,300.1,36680000.0,0.037000000000000005
298.29,293.9,300.18,291.9,27590000.0,0.014199999999999999
294.1,295.55,298.13,287.05,37060000.0,0.0123
290.53,292.18,296.2,288.66,25590000.0,-0.005
291.99,295.89,298.12,291.31,47730000.0,-0.008100000000000001
294.37,287.65,298.12,286.36,33870000.0,0.0292
286.02,286.7,289.4,284.85,8630000.0,-0.0033
286.98,284.76,289.05,284.42,19690000.0,0.0194
281.53,284.5,286.57,280.69,15400000.0,-0.0132
285.29,284.82,289.55,284.06,16719999.999999998,-0.0060999999999999995
287.05,282.01,289.35,280.65,26110000.0,0.0308
278.47,288.7,289.79,277.6,24230000.0,-0.0355
288.73,281.51,289.67,278.95,51090000.0,0.013500000000000002
284.88,279.08,285.26,277.79,17560000.0,0.0115
281.64,283.53,284.0,278.36,20560000.0,-0.0095
284.33,278.73,284.8,276.22,20700000.0,0.011899999999999999
281.0,284.75,287.85,280.13,43130000.0,-0.0029
281.83,272.3,283.99,271.42,25970000.0,0.031
273.35,271.89,274.99,268.32,19180000.0,0.0075
271.32,274.88,275.72,269.09,16160000.0,0.001
271.05,267.17,271.75,265.33,15470000.0,0.023
264.95,262.48,267.95,261.7,16950000.0,0.0014000000000000002
264.58,260.62,267.65,258.88,20900000.0,0.0037
263.6,271.67,274.25,262.8,26160000.0,-0.0277
271.12,270.14,276.57,269.69,19420000.0,-0.001
271.39,270.3,275.57,269.56,20740000.0,-0.0045000000000000005
272.61,272.66,275.35,271.12,19420000.0,0.0
272.61,265.9,274.0,265.89,25610000.0,0.0298
264.72,260.0,265.0,258.45,25470000.0,0.0084
262.52,265.25,268.65,261.29,23820000.0,0.0018
262.04,252.93,262.31,252.71,25770000.0,0.037000000000000005
252.69,253.4,255.62,249.17,22370000.0,0.013999999999999999
249.21,245.28,249.59,244.95,17720000.0,0.01
246.74,246.81,251.61,246.65,17750000.0,-0.0064
248.32,245.41,253.57,245.12,27740000.0,0.0109
245.64,247.47,248.69,243.41,21730000.0,-0.0049
246.85,241.3,247.09,241.19,22940000.0,0.018000000000000002
242.49,238.45,243.84,238.14,21190000.0,0.015300000000000001
238.82,235.79,239.63,235.52,18160000.0,-0.0002
238.86,236.92,240.26,235.33,20650000.0,0.0216
233.81,236.74,236.96,231.45,16160000.0,-0.0084
235.79,233.05,238.21,232.3,20450000.0,0.0116
233.08,236.17,236.75,230.72,19120000.0,-0.0012
233.37,231.46,235.88,231.08,16870000.0,0.0004
233.27,231.41,235.62,230.27,16399999.999999998,0.0021
232.78,232.24,234.68,229.85,27000000.0,-0.0032
233.52,236.06,238.2,232.93,17890000.0,-0.0148
237.03,239.47,241.75,232.75,34460000.0,-0.0092
239.24,243.18,244.92,238.99,24350000.0,-0.016200000000000003
243.18,238.62,244.0,236.46,29140000.0,0.011899999999999999
240.32,239.01,240.43,235.75,39550000.0,0.0074
238.56,239.89,241.68,236.77,71200000.0,0.1393
209.4,212.5,214.11,208.88,41990000.0,0.0089
207.55,210.82,211.26,207.13,19200000.0,-0.0246
212.79,213.68,213.92,210.71,15750000.0,-0.0005
212.89,210.21,213.41,209.58,17720000.0,-0.0008
213.07,213.48,216.75,212.77,16480000.0,-0.012199999999999999
215.7,213.47,217.33,212.93,15900000.0,-0.0101
217.89,219.91,220.44,216.21,12280000.0,-0.0044
218.86,219.79,220.98,217.13,15480000.0,-0.011899999999999999
221.49,217.88,222.11,217.55,21590000.0,0.0052
220.35,215.73,221.15,215.69,23310000.0,0.0297
214.0,214.84,216.84,212.58,18970000.0,0.0007000000000000001
213.85,215.48,216.02,213.41,16710000.0,-0.0042
214.75,214.71,215.66,210.66,16110000.0,-0.0062
216.1,209.25,216.94,208.65,26100000.0,0.0218
211.48,214.15,215.19,209.94,19400000.0,-0.0151
214.72,213.39,216.24,212.54,21030000.0,0.0077
213.07,208.84,213.49,208.2,17920000.0,0.0053
211.94,207.24,212.17,206.77,25440000.0,0.0197
207.84,203.38,208.09,202.82,22610000.0,0.0121
205.35,203.56,205.72,202.54,18850000.0,0.0233
200.68,200.15,201.03,197.9,19130000.0,-0.0106
202.84,204.81,205.86,201.36,18530000.0,-0.0154
206.01,205.18,207.58,203.55,27730000.0,0.0085
204.28,202.84,207.88,202.15,27390000.0,0.022400000000000003
199.81,202.5,207.37,199.67,28480000.0,-0.0116
202.16,203.2,203.55,197.95,31830000.0,0.022000000000000002
197.81,198.48,199.36,193.64,25190000.0,0.011200000000000002
195.61,200.56,201.9,195.43,50140000.0,-0.0455
204.93,198.26,205.76,196.09,50820000.0,0.0363
197.75,192.95,197.78,190.84,42120000.0,0.0192
194.02,187.58,194.32,186.56,41640000.0,0.0725
180.9,177.96,183.78,174.82,24730000.0,0.0077
179.51,181.01,184.77,178.8,25670000.0,-0.012
181.69,186.35,188.93,180.3,26580000.0,-0.0177
184.97,182.87,185.26,181.34,19430000.0,0.0025
184.51,189.0,190.36,184.01,36700000.0,-0.0021
184.9,188.0,189.66,184.64,33210000.0,-0.0019
185.25,178.92,186.62,177.05,45880000.0,0.061399999999999996
174.53,172.38,175.01,171.43,17360000.0,0.0064
173.42,174.59,177.85,173.05,31000000.0,-0.0087
174.94,171.9,177.55,171.87,46050000.0,0.0319
169.54,171.88,173.12,169.06,19280000.0,-0.005
170.39,168.64,170.72,167.66,19790000.0,-0.0096
172.04,172.0,173.69,169.38,20020000.0,0.0054
171.12,171.07,172.76,169.69,22430000.0,-0.005600000000000001
172.08,174.31,178.17,171.88,34590000.0,-0.0046
172.88,170.22,173.18,169.7,24170000.0,0.0026
172.44,172.75,175.85,171.79,25830000.0,-0.026600000000000002
177.16,176.41,178.19,175.33,25340000.0,-0.0129
179.48,177.16,181.51,175.88,24030000.0,0.0003
179.43,178.21,181.0,175.82,31460000.0,0.030299999999999997
174.15,176.35,178.89,173.35,33430000.0,-0.0212
177.92,186.13,186.65,177.27,37120000.0,-0.03
183.43,190.0,190.83,182.92,36140000.0,-0.042699999999999995
191.62,185.57,193.78,184.4,47080000.0,0.029900000000000003
186.06,186.53,190.7,185.52,42480000.0,-0.0025
186.53,183.46,196.77,182.89,76810000.0,-0.011899999999999999
188.77,183.38,197.16,180.16,150480000.0,0.2328
153.12,148.03,153.58,147.06,55660000.0,0.0279
148.97,147.95,149.88,147.52,29840000.0,0.013000000000000001
147.06,149.4,151.12,146.95,28040000.0,-0.0308
151.74,148.24,153.19,147.39,35770000.0,0.0301
147.3,144.4,147.51,143.3,25480000.0,0.040999999999999995
141.5,141.22,143.17,140.31,26620000.0,-0.0115
143.14,141.69,145.0,141.36,21970000.0,-0.0009
143.27,139.29,143.76,138.66,27470000.0,0.027999999999999997
139.37,135.89,139.94,134.61,28690000.0,0.023700000000000002
136.15,132.49,137.45,132.14,28630000.0,0.0235
133.02,135.81,137.25,132.8,20220000.0,-0.0173
135.36,136.18,136.75,134.25,21150000.0,-0.0118
136.98,134.97,137.39,134.84,22420000.0,0.002
136.71,133.44,137.68,131.76,30760000.0,0.0287
132.89,130.96,133.85,130.34,25420000.0,-0.0008
132.99,127.27,133.44,127.15,28680000.0,0.027200000000000002
129.47,131.16,132.95,129.28,26650000.0,-0.0042
130.02,128.97,130.33,126.04,27580000.0,0.024300000000000002
126.94,126.13,128.52,124.54,25450000.0,-0.0034000000000000002
127.37,127.38,129.05,125.85,32400000.0,0.021099999999999997
124.74,122.82,126.37,122.28,35530000.0,0.0366
120.34,118.16,120.42,117.74,19580000.0,0.0007000000000000001
120.26,116.4,121.03,115.77,22370000.0,0.0401
115.62,116.25,118.15,115.51,19610000.0,-0.0108
116.88,117.93,118.6,116.05,21390000.0,-0.0098
118.04,116.03,118.18,115.54,17800000.0,0.0079
117.12,117.2,118.62,114.38,23620000.0,-0.022000000000000002
119.76,116.7,120.34,115.62,20390000.0,0.022799999999999997
117.09,113.26,117.33,112.46,28740000.0,0.022799999999999997
114.48,116.83,117.8,114.33,29770000.0,-0.0414
119.43,120.23,123.31,118.82,67060000.0,0.0282
116.15,118.33,118.63,114.01,34530000.0,-0.0447
121.59,119.39,124.14,119.39,36920000.0,0.012
120.15,122.13,123.3,118.64,44700000.0,0.047400000000000005
114.71,115.18,115.72,113.14,24750000.0,-0.0103
115.9,115.3,117.54,113.87,26030000.0,0.0049
115.33,116.39,117.34,114.59,30620000.0,0.0123
113.93,113.76,115.88,112.88,29460000.0,-0.0017000000000000001
114.12,119.91,120.55,113.74,43690000.0,-0.0679
122.43,121.75,124.67,121.35,35470000.0,-0.0086
123.49,117.83,124.04,117.61,39950000.0,0.0253
120.44,119.2,121.2,118.4,36550000.0,0.019799999999999998
118.1,109.5,118.16,109.38,43350000.0,0.0789
109.46,109.54,110.94,108.54,23900000.0,0.0063
108.78,110.78,112.04,108.38,23330000.0,-0.0236
111.41,111.3,112.73,111.02,12010000.0,-0.0074
112.24,111.72,112.67,110.73,21340000.0,0.0072
111.44,109.86,111.62,108.32,29030000.0,0.0144
109.86,111.52,112.37,109.19,24350000.0,-0.0195
112.05,113.8,114.32,110.62,33360000.0,0.0054
111.45,110.41,112.33,109.8,35090000.0,-0.015700000000000002
113.23,114.5,116.07,112.66,33290000.0,-0.0329
117.08,116.07,118.74,114.41,50670000.0,0.025
114.22,110.99,116.27,110.8,53390000.0,0.0106
113.02,109.23,114.9,108.81,59960000.0,0.0103
111.87,107.12,112.75,104.61,80670000.0,0.1025
101.47,101.72,104.9,100.74,107680000.0,0.0518
96.47,95.92,97.8,94.79,52090000.0,-0.0026
96.72,94.78,96.88,93.1,81990000.0,0.0653
90.79,90.35,91.39,88.09,55640000.0,0.021099999999999997
88.91,90.08,90.46,88.41,60660000.0,-0.018000000000000002
90.54,94.21,95.2,90.48,71820000.0,-0.0489
95.2,94.33,97.49,93.55,110190000.0,0.0219
93.16,98.22,99.32,92.6,121360000.0,-0.060899999999999996
99.2,99.58,100.85,97.51,95930000.0,0.0129
97.94,97.97,102.5,96.38,232320000.0,-0.24559999999999998
129.82,131.68,135.55,128.53,89290000.0,-0.0559
137.51,130.88,138.35,130.59,38430000.0,0.0601
129.72,127.25,133.48,124.57,63560000.0,-0.0022
130.01,126.31,130.12,125.44,46350000.0,-0.0116
131.53,132.93,136.77,131.31,26360000.0,-0.0128
133.23,132.89,137.0,132.22,30690000.0,0.0032
132.8,137.09,137.84,131.4,25440000.0,-0.009300000000000001
134.04,130.3,134.79,130.18,29610000.0,0.0574
126.76,131.0,131.79,126.52,23560000.0,-0.0271
130.29,123.53,131.14,122.53,34330000.0,0.0219
127.5,128.32,129.67,126.25,34610000.0,-0.008100000000000001
128.54,131.62,132.66,126.99,38480000.0,-0.0392
133.79,133.55,136.11,131.87,24020000.0,0.0025
133.45,136.76,138.29,132.44,33210000.0,-0.0404
139.07,137.71,141.45,136.6,36230000.0,0.0006
138.98,138.24,140.21,134.78,27980000.0,-0.009300000000000001
140.28,140.49,142.39,139.34,34670000.0,0.012
138.61,137.14,139.62,136.1,27720000.0,0.0216
135.68,136.05,140.99,135.5,33170000.0,-0.0054
136.41,139.36,139.84,135.2,38990000.0,-0.036699999999999997
141.61,134.62,142.03,134.27,32659999.999999996,0.0536
134.4,137.92,139.42,134.12,30830000.0,-0.0144
136.37,140.12,142.24,136.19,30500000.0,-0.0288
140.41,141.42,142.62,138.89,31710000.0,-0.0169
142.82,141.55,144.58,140.87,34420000.0,0.0049
142.12,146.39,149.6,142.0,38340000.0,-0.027200000000000002
146.09,145.77,148.84,145.22,23220000.0,-0.013000000000000001
148.02,145.24,148.58,145.1,22170000.0,0.0118
146.29,148.05,148.58,144.29,40120000.0,-0.0218
149.55,149.8,154.2,148.7,34610000.0,-0.0127
151.47,153.33,153.54,149.05,43060000.0,-0.0108
153.13,161.54,161.63,152.67,44440000.0,-0.09369999999999999
168.96,167.39,171.39,167.28,23220000.0,-0.0011
169.15,163.25,169.54,163.02,22130000.0,0.0437
162.06,158.71,162.23,157.74,22530000.0,0.0104
160.39,157.76,160.96,156.81,16830000.0,0.011699999999999999
158.54,160.1,161.69,157.69,19340000.0,-0.0111
160.32,167.45,167.93,159.22,22630000.0,-0.0305
165.36,163.58,167.36,160.35,30150000.0,0.0149
162.93,167.07,167.84,162.14,40950000.0,0.036699999999999997
157.16,160.35,161.66,155.91,19570000.0,-0.0126
159.17,160.65,163.05,159.01,20050000.0,-0.0161
161.78,168.48,170.92,161.67,24020000.0,-0.0415
168.78,165.18,168.88,164.02,15550000.0,0.0338
163.26,160.6,165.46,159.77,20890000.0,0.013300000000000001
161.11,162.48,165.05,160.7,18110000.0,-0.011899999999999999
163.05,165.49,165.49,162.26,19500000.0,-0.0292
167.96,170.2,172.32,167.05,26240000.0,-0.0384
174.66,174.34,175.76,171.86,18840000.0,-0.0011
174.85,176.76,178.14,174.17,20120000.0,-0.025699999999999997
179.47,179.44,180.99,177.04,21160000.0,-0.0079
180.89,178.96,181.44,178.2,15880000.0,0.0022
180.5,180.81,181.46,178.91,21270000.0,0.017
177.49,179.71,183.1,176.37,24080000.0,-0.0048
178.34,175.99,180.48,173.95,30260000.0,0.0582
168.53,168.95,169.53,166.6,18660000.0,-0.0101
170.25,168.0,177.51,167.13,27300000.0,0.018799999999999997
167.11,166.99,171.61,165.8,25830000.0,-0.0203
170.57,168.29,172.15,166.8,23940000.0,0.0105
168.8,162.69,169.54,161.57,31720000.0,0.0537
160.19,158.31,162.24,158.01,27370000.0,0.0016
159.93,157.25,165.19,155.23,40600000.0,0.0052
159.1,157.69,160.14,155.17,42070000.0,-0.0101
160.72,161.06,161.51,154.85,73210000.0,-0.052199999999999996
169.58,162.59,170.87,162.02,43850000.0,0.0655
159.15,165.94,166.0,157.95,28470000.0,-0.045
166.65,169.0,170.57,164.8,26170000.0,-0.0155
169.27,173.07,175.6,168.41,42580000.0,-0.0759
183.17,180.63,183.85,178.87,27200000.0,0.0004
183.09,177.49,183.6,176.7,24780000.0,0.0416
175.78,170.37,176.49,169.51,25930000.0,0.051100000000000007
167.23,166.75,171.68,165.64,23570000.0,0.0154
164.7,160.54,164.98,159.82,23340000.0,0.0421
158.05,161.22,162.59,157.28,23770000.0,-0.0333
163.49,160.16,164.98,159.61,16559999.999999998,0.0013
163.27,164.8,165.91,162.1,16640000.0,0.0024
162.88,167.07,167.49,161.91,21910000.0,-0.046799999999999994
170.88,169.98,172.4,168.15,19250000.0,-0.0076
172.19,169.45,172.72,167.78,24080000.0,0.0143
169.77,168.2,171.59,165.46,23090000.0,0.009399999999999999
168.19,158.14,168.25,157.02,28660000.0,0.051
160.03,160.31,160.62,155.0,31420000.0,-0.0076
161.25,162.15,165.23,158.49,35250000.0,-0.016399999999999998
163.94,163.57,166.33,160.32,28600000.0,0.0203
160.68,169.9,171.3,160.61,27790000.0,-0.052000000000000005
169.49,171.32,171.75,168.01,29170000.0,-0.0039000000000000003
170.16,161.73,170.25,161.3,68740000.0,0.0719
158.75,156.27,159.75,154.25,40500000.0,0.018600000000000002
155.85,158.38,160.79,155.44,47600000.0,-0.0076
157.05,165.93,167.76,155.97,50720000.0,-0.0409
163.74,161.68,165.9,159.9,31370000.0,0.0178
160.87,163.72,165.08,159.61,26940000.0,-0.0501
169.35,167.2,172.16,163.98,30010000.0,0.034300000000000004
163.73,166.03,166.75,161.36,27240000.0,-0.0032
164.26,170.59,172.57,164.03,31750000.0,-0.0644
175.57,183.04,183.1,175.02,27480000.0,-0.0458
184.0,194.28,199.45,183.68,23500000.0,-0.0643
196.64,194.67,202.03,194.41,22270000.0,0.0051
195.65,191.93,196.53,191.49,18830000.0,0.0072
194.25,193.99,196.92,188.4,30570000.0,0.0182
190.78,195.98,196.61,189.78,19460000.0,-0.0406
198.86,188.45,200.93,187.73,31950000.0,0.0542
188.64,196.51,199.53,185.0,36620000.0,-0.0258
193.64,194.88,197.6,192.01,25920000.0,-0.0076
195.13,191.36,195.33,189.8,22560000.0,0.0183
191.63,182.88,192.83,182.26,23060000.0,0.0424
183.83,180.4,185.45,179.32,27560000.0,0.0141
181.28,180.55,183.68,176.11,50240000.0,-0.0762
196.23,195.19,196.99,191.24,22760000.0,0.0139
193.54,194.97,197.91,187.87,31470000.0,0.0118
191.29,191.2,195.29,189.6,24450000.0,-0.0049
192.24,200.0,201.0,191.63,23810000.0,-0.0512
202.62,202.12,205.46,198.36,24870000.0,0.0129
200.04,197.05,205.37,195.93,27110000.0,0.0070999999999999995
198.62,192.58,199.89,191.28,24550000.0,0.038599999999999995
191.24,187.06,198.05,184.78,38260000.0,0.0132
188.74,196.32,200.67,188.27,31150000.0,-0.0451
197.65,199.51,202.96,194.19,34450000.0,0.0073
196.21,199.84,202.57,195.58,36300000.0,-0.0371
203.77,207.34,209.38,201.02,34750000.0,-0.0217
208.28,218.74,220.17,206.16,41130000.0,-0.0677
223.41,210.65,224.3,206.96,41380000.0,0.0537
212.03,210.45,214.9,208.09,41560000.0,0.0043
211.13,201.16,211.88,200.99,49920000.0,0.053200000000000004
200.47,204.46,212.48,199.9,49190000.0,-0.0256
205.73,202.92,208.53,192.9,100890000.0,0.1759
174.95,174.43,181.21,169.0,71060000.0,-0.0332
180.95,186.63,187.19,179.5,31750000.0,-0.0323
186.99,182.73,187.18,181.66,29280000.0,0.015600000000000001
184.11,190.37,192.72,183.27,36430000.0,-0.021099999999999997
188.07,201.6,202.97,185.58,49950000.0,-0.0616
200.42,213.6,214.16,198.92,43040000.0,-0.07769999999999999
217.31,210.52,218.43,209.0,20090000.0,0.031
210.77,210.0,213.38,208.3,16579999.999999998,0.0028000000000000004
210.18,214.89,214.99,210.0,18380000.0,-0.022400000000000003
214.99,211.82,216.61,211.33,19230000.0,0.004
214.14,220.24,222.03,213.13,20130000.0,-0.010700000000000001
216.46,218.42,220.61,215.22,20520000.0,-0.0264
222.33,222.38,225.13,220.03,18380000.0,-0.0028000000000000004
222.95,223.93,225.52,218.56,21040000.0,-0.0016
223.3,226.91,228.99,221.41,29000000.0,-0.0368
231.84,234.08,236.86,231.02,29730000.0,-0.0088
233.89,225.98,234.35,225.86,28100000.0,0.04019999999999999
224.85,224.55,227.28,222.7,19540000.0,0.011200000000000002
222.36,228.45,228.49,222.26,24190000.0,-0.0241
227.85,228.91,231.15,226.71,25590000.0,-0.0087
229.86,226.07,230.89,225.29,31420000.0,0.027999999999999997
223.59,222.13,224.04,219.54,26220000.0,0.008
221.82,220.51,225.5,218.89,40040000.0,0.0102
219.57,215.0,220.67,214.79,31500000.0,0.0286
213.46,213.33,216.8,212.16,23720000.0,-0.0147
216.65,211.37,219.46,210.18,32000000.0,0.024399999999999998
211.49,214.5,214.71,207.63,30140000.0,-0.0231
216.49,206.7,216.8,206.0,52130000.0,0.0416
207.84,201.7,208.04,201.11,29500000.0,0.0207
203.63,194.7,203.73,194.52,40640000.0,0.0604
192.03,190.8,192.28,185.91,31720000.0,0.028900000000000002
186.63,187.03,192.29,185.82,31010000.0,-0.0052
187.61,192.63,193.56,186.67,34690000.0,-0.038900000000000004
195.21,194.84,196.28,191.07,24850000.0,-0.0166
198.5,195.74,199.1,193.92,31890000.0,0.0431
190.29,187.85,196.7,186.11,37510000.0,0.015
187.47,200.79,200.89,187.28,38560000.0,-0.0629
200.06,202.37,205.89,198.79,32150000.0,-0.0143
202.97,209.01,209.08,201.42,27260000.0,-0.024700000000000003
208.11,204.78,209.15,202.02,29450000.0,0.0227
203.49,209.87,211.75,202.22,27090000.0,-0.035699999999999996
211.03,207.68,213.15,206.83,34240000.0,0.0026
210.48,204.94,211.32,203.18,37630000.0,0.0139
207.6,191.06,208.35,190.22,49960000.0,0.0461
198.45,204.16,206.94,198.05,44480000.0,-0.018000000000000002
202.08,202.34,207.48,200.06,39850000.0,-0.019799999999999998
206.16,209.39,210.75,205.18,37130000.0,-0.0075
207.71,214.02,217.5,207.16,38750000.0,-0.0408
216.54,212.41,217.46,212.36,45820000.0,-0.0202
221.0,220.47,221.15,215.06,42690000.0,0.0152
217.7,219.31,221.0,214.78,38180000.0,-0.0084
219.55,228.46,230.42,218.77,46160000.0,-0.0374
228.07,228.27,235.0,226.7,49310000.0,-0.0169
232.0,224.2,233.37,222.21,86560000.0,0.0537
220.18,220.85,225.77,216.15,94730000.0,-0.021
224.91,237.7,238.3,224.01,88610000.0,-0.051399999999999994
237.09,234.97,242.61,230.11,89340000.0,-0.0028000000000000004
237.76,244.65,248.0,235.75,188120000.0,-0.2639
323.0,327.82,328.0,316.87,58460000.0,0.0125
319.0,314.56,319.66,312.12,18020000.0,0.0183
313.26,300.68,313.79,299.32,21580000.0,0.0383
301.71,295.62,301.9,293.03,21870000.0,0.024
294.64,297.75,301.71,294.26,21630000.0,0.0
294.63,307.01,307.51,290.85,28350000.0,-0.0184
300.15,299.95,306.23,297.58,25110000.0,-0.0277
308.71,297.84,309.53,289.01,38940000.0,0.0183
303.17,314.81,318.31,303.04,28710000.0,-0.042300000000000004
316.56,323.9,327.82,315.98,16930000.0,-0.0095
319.59,319.58,327.1,319.33,20810000.0,0.0045000000000000005
318.15,323.29,324.21,317.64,22680000.0,-0.0414
331.9,321.79,332.73,321.21,16870000.0,0.0166
326.48,334.98,335.63,325.76,14800000.0,-0.0203
333.26,335.18,336.37,330.03,14100000.0,-0.0033
334.37,326.78,334.63,325.28,16230000.0,0.0192
328.07,325.31,328.34,315.43,24940000.0,-0.011200000000000002
331.79,332.74,337.0,328.88,14720000.0,-0.002
332.46,322.82,339.17,322.72,27960000.0,0.0256
324.17,333.02,335.76,323.84,20560000.0,-0.036699999999999997
336.53,339.95,343.09,331.87,16000000.0,-0.0059
338.54,338.3,341.08,337.19,14560000.0,0.006500000000000001
336.35,343.01,343.44,336.27,12870000.0,-0.0233
344.36,344.0,347.23,343.22,10590000.0,0.0040999999999999995
342.94,346.91,349.69,341.64,10750000.0,-0.0095
346.22,346.63,352.71,345.2,16640000.0,0.0001
346.18,338.85,347.87,338.01,17800000.0,0.0326
335.24,330.1,336.67,328.36,13990000.0,0.014499999999999999
330.45,333.8,334.51,328.26,16760000.000000002,-0.011200000000000002
334.2,326.41,336.0,323.75,16120000.000000002,0.0269
325.45,329.77,329.9,322.53,17900000.0,-0.025
333.79,332.8,337.11,330.75,40010000.0,-0.0033
334.9,338.98,344.46,333.74,22640000.0,-0.019799999999999998
341.66,332.49,342.11,323.98,24680000.0,0.023700000000000002
333.74,328.05,335.7,327.65,20460000.0,-0.0022
334.49,330.95,341.09,329.59,22950000.0,0.0144
329.75,332.56,335.03,326.37,14530000.0,-0.0002
329.82,329.54,336.13,328.0,16880000.0,-0.0022
330.56,325.0,332.75,323.07,19940000.0,0.024
322.81,321.57,326.54,321.0,18790000.0,0.0155
317.87,308.13,320.1,306.34,21760000.0,0.0359
306.84,313.73,313.75,299.5,27470000.0,-0.011399999999999999
310.39,311.4,314.6,307.2,24400000.0,-0.0007000000000000001
310.6,330.29,330.5,310.29,30380000.0,-0.042699999999999995
324.46,335.0,335.81,323.43,25390000.0,-0.0401
338.03,336.89,340.67,335.31,16649999.999999998,0.0147
333.12,335.8,337.75,331.9,14750000.0,-0.0233
341.06,336.0,341.78,332.81,13570000.0,0.0113
337.25,338.93,341.4,333.5,17220000.0,-0.011000000000000001
341.01,349.05,353.83,340.51,27120000.0,-0.0124
345.3,342.2,352.1,339.9,26490000.0,0.0195
338.69,339.72,342.46,335.3,17490000.0,-0.0060999999999999995
340.77,344.24,347.3,340.1,13600000.0,-0.0064
342.96,343.83,346.65,340.87,18180000.0,-0.0132
347.56,344.34,353.65,343.2,25080000.0,0.0196
340.89,330.18,341.86,329.78,25410000.0,0.0401
327.74,329.82,332.46,327.0,12380000.0,0.0003
327.64,332.49,333.19,325.51,21870000.0,-0.023
335.37,340.0,341.31,334.47,17560000.0,-0.0096
338.62,344.42,344.79,338.34,18340000.0,-0.0074
341.13,340.31,346.79,339.64,26870000.0,0.015700000000000002
335.85,334.01,337.27,332.65,22500000.0,0.0128
331.62,327.49,332.15,323.2,20790000.0,0.0108
328.08,331.38,334.79,323.8,28350000.0,-0.0058
329.98,326.04,333.45,326.0,31520000.0,0.019799999999999998
323.57,320.19,326.0,319.6,37060000.0,0.021
316.92,312.99,325.52,308.11,50810000.0,0.0151
312.22,314.19,319.25,312.06,29970000.0,-0.011399999999999999
315.81,328.26,330.21,309.6,65650000.00000001,-0.0392
328.69,320.3,329.56,319.72,38410000.0,0.0126
324.61,326.35,329.63,321.11,35220000.0,-0.050499999999999996
341.88,340.27,342.31,337.8,16350000.000000002,0.0032
340.78,343.44,343.98,339.45,13640000.0,0.0023
339.99,339.64,342.46,337.28,18790000.0,0.0139
335.34,328.95,335.89,327.5,21590000.0,0.0326
324.76,328.68,329.07,322.51,21600000.0,-0.0115
328.53,328.36,330.52,327.1,14300000.0,0.0123
324.54,326.97,327.0,322.66,14760000.0,0.0024
323.77,323.03,324.38,317.37,31660000.0,-0.0052
325.45,327.62,330.46,325.31,14710000.0,-0.0139
330.05,331.51,333.4,328.71,15950000.0,0.0025
329.22,337.0,338.84,328.98,28310000.0,-0.0132
333.64,329.74,334.38,325.8,26440000.0,0.002
332.96,328.58,335.18,326.16,35380000.0,0.0206
326.23,335.53,335.94,322.7,42880000.0,-0.0489
343.01,341.61,345.02,338.64,14910000.0,0.010700000000000001
339.39,340.44,342.8,338.15,16550000.0,-0.0006
339.61,343.15,345.23,338.88,14450000.0,-0.0031
340.65,347.97,349.6,338.92,21710000.0,-0.0366
353.58,349.81,355.15,347.08,15210000.0,0.0018
352.96,343.24,354.35,342.37,18800000.0,0.0202
345.96,345.36,349.67,343.0,21810000.0,0.008
343.21,347.23,349.84,340.69,43690000.0,-0.039900000000000005
357.48,358.5,360.04,355.19,11750000.0,0.005
355.7,359.3,361.03,349.8,19820000.0,-0.024700000000000003
364.72,371.4,371.41,361.59,26300000.0,-0.022400000000000003
373.06,372.79,373.56,369.71,11930000.0,-0.0023
373.92,377.0,377.56,367.67,17940000.0,-0.0069
376.53,377.4,378.59,375.11,8710000.0,0.0001
376.51,381.68,381.75,374.35,13030000.0,-0.0058
378.69,381.36,383.79,378.26,11550000.0,0.0018
378.0,377.64,379.83,376.56,9100000.0,0.0011
377.57,380.16,380.87,374.79,11070000.0,-0.0121
382.18,375.88,382.96,373.15,10800000.0,0.015700000000000002
376.26,374.75,377.16,373.11,7510000.0,0.0026
375.28,381.5,381.75,374.06,14840000.0,-0.0177
382.05,379.59,384.33,378.81,11570000.0,0.006999999999999999
379.38,379.95,382.76,378.8,12350000.0,-0.0034000000000000002
380.66,372.56,381.49,370.52,13550000.0,0.0215
372.63,365.1,373.74,364.08,11220000.0,0.0226
364.38,368.38,369.44,364.13,7890000.0,-0.0109
368.39,365.6,370.86,365.4,9680000.0,0.0079
365.51,363.66,367.96,361.84,9240000.0,0.0059
363.35,359.44,365.69,359.1,10940000.0,0.0111
359.37,354.6,359.99,353.31,8700000.0,0.012
355.12,351.35,357.57,351.0,12000000.0,-0.0009
355.45,356.25,359.86,355.15,10040000.0,-0.0084
358.45,362.98,364.67,355.07,12330000.0,-0.022099999999999998
366.56,362.52,366.95,357.38,11230000.0,0.009300000000000001
363.18,362.97,364.66,361.48,7200000.0,0.0015
362.65,358.45,363.0,357.11,7180000.0,0.0075
359.96,362.1,362.36,357.81,8400000.0,-0.0032
361.13,361.82,364.1,359.04,7470000.0,-0.0013
361.61,363.76,365.77,360.75,7800000.0,-0.0052
363.51,361.4,365.15,361.39,8930000.0,0.0015
362.97,359.64,363.9,356.9,10250000.0,0.0113
358.92,352.42,360.48,351.51,14180000.0,0.0219
351.24,352.73,353.77,347.7,12410000.0,-0.002
351.95,358.1,359.4,350.74,13180000.0,-0.012199999999999999
356.3,354.0,360.73,352.94,15980000.0,-0.005600000000000001
358.32,361.0,365.52,356.74,33409999.999999996,-0.0401
373.28,374.56,377.55,366.93,29680000.0,0.0149
367.81,371.91,373.15,364.55,15710000.0,-0.0125
372.46,369.58,374.44,368.22,14930000.0,0.0072
369.79,360.91,375.33,357.19,33690000.0,0.053
351.19,346.68,351.54,345.21,12390000.0,0.0143
346.23,341.5,346.52,341.25,9280000.0,0.0134
341.66,338.8,343.45,334.5,11020000.0,0.013999999999999999
336.95,337.57,339.79,334.54,14370000.0,-0.0123
341.16,344.91,345.99,340.14,11030000.0,-0.0096
344.46,349.23,349.23,340.22,14780000.0,-0.0091
347.63,354.56,355.2,346.73,13890000.0,-0.0127
352.09,351.5,358.49,348.8,11460000.0,-0.003
353.16,351.23,354.19,349.64,10020000.0,0.0078000000000000005
350.42,345.32,350.71,345.26,13020000.0,0.0138
345.65,345.73,348.33,342.56,14410000.0,-0.0138
350.49,355.26,356.49,350.0,14220000.0,-0.006500000000000001
352.78,356.5,358.79,349.18,13490000.0,-0.0054
354.7,355.1,356.44,352.62,11520000.0,0.0009
354.39,346.82,354.67,346.5,17140000.0,0.0192
347.71,352.17,352.92,347.17,15110000.0,-0.011899999999999999
351.89,356.27,356.74,349.05,21420000.0,-0.0105
355.64,342.46,358.14,341.77,29160000.0,0.0418
341.37,342.59,344.12,339.68,14590000.0,-0.0053
343.18,341.85,344.9,341.79,12330000.0,0.0076
340.59,339.35,343.42,338.2,14820000.0,0.0046
339.03,332.69,339.92,332.6,15350000.0,0.0203
332.29,331.09,332.92,327.65,11340000.0,0.008
329.66,334.53,336.15,329.0,23040000.0,-0.0204
336.51,330.49,337.98,330.15,17790000.0,0.016399999999999998
331.08,336.69,337.55,328.72,17230000.0,-0.0168
336.75,336.99,339.92,335.03,15800000.0,-0.0001
336.77,331.9,336.82,329.81,12250000.0,0.0166
331.26,332.58,332.83,328.93,13590000.0,-0.0036
332.46,330.79,333.94,328.55,13240000.0,0.0067
330.25,335.74,336.8,330.0,13730000.0,-0.0103
333.68,336.7,338.3,332.24,14580000.0,-0.0086
336.58,329.48,337.69,328.93,20140000.0,0.0189
330.35,325.9,332.45,325.18,13290000.0,0.0132
326.04,325.78,327.38,323.48,12610000.0,-0.009399999999999999
329.15,330.38,331.87,327.12,11650000.0,0.0001
329.13,330.15,331.42,326.64,11770000.0,0.0012
328.73,331.0,332.87,328.33,12040000.0,-0.0121
332.75,328.0,333.78,326.76,20480000.0,0.0155
327.66,328.35,329.83,325.82,9690000.0,-0.0004
327.79,327.08,329.18,324.8,16440000.000000002,0.0097
324.63,318.21,325.95,318.03,16450000.0,0.026600000000000002
316.23,319.29,319.93,315.81,13600000.0,-0.0075
318.61,313.58,319.25,313.16,17320000.0,0.016
313.59,304.19,314.66,303.57,19110000.0,0.011699999999999999
309.96,315.59,316.5,309.81,14520000.0,-0.0174
315.46,313.55,315.68,311.58,15400000.0,-0.0015
315.94,309.54,316.85,309.08,19250000.0,0.035
305.26,306.08,308.86,302.77,18080000.0,0.009000000000000001
302.55,301.13,304.96,298.19,24640000.0,-0.013000000000000001
306.53,300.75,306.84,299.69,18920000.0,0.0018
305.97,314.35,314.58,304.83,24240000.0,-0.041100000000000005
319.08,322.38,322.94,318.75,15920000.0,-0.0029
320.02,314.52,320.24,313.27,19010000.0,0.0159
315.02,318.19,321.06,314.49,15580000.0,-0.0105
318.36,320.02,322.19,313.12,24030000.0,-0.0131
322.58,326.17,328.55,321.84,18720000.0,-0.0077
325.08,326.14,329.82,324.5,26330000.0,-0.0134
329.51,330.12,331.81,321.61,56530000.0,0.073
307.1,307.36,310.92,305.37,33910000.0,0.0116
303.57,304.28,305.34,301.11,15310000.0,0.0017000000000000001
303.04,303.34,305.8,301.56,16170000.000000002,0.0063
301.13,298.76,302.59,297.15,17560000.0,0.0155
296.52,301.33,302.92,296.04,16379999.999999998,-0.016399999999999998
301.47,301.94,301.98,297.39,14860000.0,-0.0039000000000000003
302.65,301.99,305.1,297.21,16800000.0,0.0014000000000000002
302.24,305.01,307.7,300.56,14550000.0,-0.0129
306.18,308.17,308.95,304.61,13060000.0,-0.0053
307.82,306.34,310.14,304.1,14560000.0,0.0165
302.82,307.3,308.03,301.95,17420000.0,-0.022400000000000003
309.76,312.21,314.43,309.32,14040000.0,-0.005699999999999999
311.54,311.05,312.15,307.93,10880000.0,-0.0029
312.46,311.4,314.74,310.33,15990000.0,-0.0018
313.02,314.85,315.88,310.05,20890000.0,-0.0002
313.09,306.34,314.25,305.5,22860000.0,0.0223
306.26,308.84,311.35,305.25,17340000.0,-0.0086
308.91,300.89,310.76,300.68,28240000.0,0.034300000000000004
298.66,298.4,302.4,296.6,17620000.0,0.013999999999999999
294.53,289.99,296.5,288.61,19500000.0,0.0227
288.0,289.83,292.47,286.7,17470000.0,-0.0097
290.82,285.77,293.18,284.7,21720000.0,0.0276
283.02,278.3,284.5,277.77,17630000.0,0.0154
278.74,280.98,288.06,277.75,24510000.0,-0.0121
282.14,291.0,291.72,281.16,18680000.0,-0.0292
290.63,293.15,298.0,289.81,23000000.0,-0.009899999999999999
293.54,290.45,299.7,286.75,28270000.0,0.0118
290.11,281.22,292.8,281.19,38930000.0,0.0412
278.62,279.87,285.19,278.28,18750000.0,-0.019
284.01,275.7,286.23,275.41,21320000.0,0.0169
279.28,276.08,282.14,274.8,22440000.0,0.0202
273.75,269.08,275.96,268.5,16860000.0,0.0199
268.4,269.14,269.74,264.02,20600000.0,-0.02
273.88,268.11,277.9,267.82,21830000.0,0.0339
264.9,268.64,268.97,262.87,14210000.0,-0.0032
265.74,261.18,268.53,259.81,22040000.0,0.0409
255.31,265.55,265.58,255.05,18390000.0,-0.0339
264.28,260.67,265.45,255.61,26820000.0,0.0258
257.64,256.47,266.49,253.5,31630000.0,0.0087
255.41,260.29,260.99,255.1,15510000.0,-0.0139
259.0,265.78,266.71,258.65,15190000.0,-0.0223
264.91,260.82,266.65,257.9,22160000.0,0.028300000000000002
257.62,256.47,265.55,256.47,26620000.0,0.0115
254.69,262.3,266.94,254.04,19050000.0,-0.0364
264.31,262.32,266.38,258.39,15740000.0,-0.0058
265.86,259.5,267.46,254.96,21920000.0,0.0212
260.33,257.95,263.07,257.53,17430000.0,-0.004699999999999999
261.56,269.86,270.27,260.15,25620000.0,-0.0291
269.39,269.56,271.95,266.03,15250000.0,-0.015300000000000001
273.57,271.24,273.97,269.58,12760000.0,-0.0015
273.97,270.8,276.6,270.05,15420000.0,0.0128
270.5,270.52,271.18,268.34,9100000.0,0.0004
270.39,271.89,273.58,268.49,12830000.0,-0.0054
271.87,272.45,273.8,267.72,14690000.0,0.009000000000000001
269.45,266.44,273.39,265.75,14610000.0,0.0108
266.58,268.75,269.86,265.0,13760000.0,-0.005699999999999999
268.1,266.8,269.17,265.67,12450000.0,0.006
266.49,267.01,268.16,264.0,16059999.999999998,-0.0006
266.65,265.62,269.2,263.84,14220000.0,-0.0016
267.08,264.0,268.85,263.27,17320000.0,0.0194
262.01,259.52,264.17,254.91,22910000.0,0.014199999999999999
258.33,265.3,266.56,254.85,30390000.0,-0.0252
265.0,277.18,286.79,264.7,37760000.0,-0.0262
272.14,282.53,283.45,268.12,35350000.0,-0.0351
282.05,278.14,285.39,277.81,19370000.0,0.014499999999999999
278.01,278.14,280.1,271.51,19090000.0,0.0128
274.5,272.01,278.47,272.0,21950000.0,0.006
272.87,269.26,273.6,267.49,20840000.0,0.0202
267.48,268.93,270.32,263.6,25200000.0,0.024399999999999998
261.1,256.9,262.2,252.72,28030000.0,0.0387
251.36,247.9,253.86,247.16,24940000.0,0.0233
245.64,253.4,255.03,244.61,29740000.0,-0.023799999999999998
251.64,251.55,253.95,249.2,19530000.0,0.0022
251.09,256.63,259.72,250.3,26450000.0,-0.022400000000000003
256.84,260.48,263.47,255.9,30410000.0,-0.0401
267.57,268.31,268.95,263.18,18530000.0,-0.0044
268.74,265.9,271.61,264.78,15790000.0,0.0206
263.31,262.0,267.75,260.01,24350000.0,-0.028300000000000002
270.97,268.29,272.4,268.21,9870000.0,0.0075
268.94,274.78,275.0,265.2,15110000.0,-0.0154
273.16,272.0,277.09,269.81,12900000.0,0.004699999999999999
271.87,277.95,278.08,271.71,11800000.0,-0.0177
276.78,276.95,280.51,276.28,16379999.999999998,-0.0008
277.0,268.74,277.3,265.66,23300000.0,0.0359
267.4,268.88,270.4,266.2,6700000.0,-0.0026
268.11,266.89,272.17,266.23,14330000.0,0.0038
267.09,271.5,271.5,264.63,17340000.0,-0.0209
272.79,272.98,274.67,267.79,16550000.0,-0.0131
276.4,275.77,278.0,271.14,26690000.0,0.006999999999999999
274.48,277.07,280.44,273.61,16379999.999999998,-0.0043
275.67,274.76,277.86,272.51,15880000.0,0.0004
275.55,274.83,276.08,267.47,23980000.0,0.005
274.19,273.37,277.22,271.56,16379999.999999998,0.0023
273.55,274.53,276.48,270.25,14390000.0,-0.0129
277.12,275.54,278.73,271.86,20070000.0,-0.0029
277.92,283.66,287.63,271.75,25190000.0,-0.019299999999999998
283.4,286.01,286.43,281.55,10750000.0,-0.0076
285.58,279.19,288.49,278.2,13010000.0,0.021
279.7,280.3,283.46,279.3,10880000.0,-0.0076
281.85,286.25,286.65,281.07,12920000.0,-0.0197
287.52,285.36,291.78,280.82,17360000.0,0.0034000000000000002
286.55,279.16,289.3,278.96,20780000.0,0.0346
276.97,276.03,277.7,271.01,16690000.000000002,-0.003
277.81,277.39,279.13,274.82,7810000.0,0.008100000000000001
275.59,278.14,280.18,272.65,12470000.0,-0.0048
276.92,268.49,277.82,267.87,16930000.0,0.0316
268.43,270.89,270.95,264.53,20990000.0,-0.004699999999999999
269.7,272.56,273.0,269.41,18120000.0,-0.011899999999999999
272.94,271.02,273.47,269.19,12960000.0,0.0036
271.97,274.52,277.39,271.84,12150000.0,-0.011000000000000001
275.0,277.68,277.68,273.29,15040000.0,-0.014199999999999999
278.96,275.05,279.41,274.63,12970000.0,0.0073
276.95,277.72,277.76,273.1,10400000.0,0.0068000000000000005
275.08,277.18,279.75,274.43,12910000.0,-0.0051
276.48,273.47,278.4,272.48,14960000.0,0.0149
272.43,273.1,274.0,264.0,29070000.0,-0.0227
278.77,289.87,292.58,278.53,25120000.0,-0.0499
293.41,293.95,294.6,288.06,13890000.0,-0.0043
294.68,291.9,297.38,288.95,23820000.0,0.0254
287.38,281.0,288.94,278.62,35360000.0,0.0832
265.3,263.16,270.05,260.88,17960000.0,0.0151
261.36,264.6,270.47,257.34,27170000.0,-0.0067
263.11,274.5,276.7,259.1,47300000.0,-0.06309999999999999
280.83,276.55,283.6,273.78,32369999.999999996,0.0492
267.67,278.79,278.79,267.26,23120000.0,-0.055099999999999996
283.29,278.76,284.51,276.31,16290000.0,0.0223
277.11,283.16,285.23,274.26,21320000.0,-0.027000000000000003
284.79,278.8,285.24,276.82,17540000.0,0.024
278.12,279.87,282.45,275.04,16719999.999999998,-0.0022
278.73,279.56,283.05,276.37,29000000.0,0.0417
267.56,263.06,269.7,262.88,18760000.0,0.0236
261.4,265.53,268.55,259.88,13590000.0,-0.017
265.93,267.38,271.37,265.3,16620000.000000002,-0.003
266.72,267.6,269.04,263.67,15420000.0,-0.018799999999999997
271.82,277.62,278.75,271.5,15600000.0,-0.015600000000000001
276.14,277.58,279.1,273.39,18060000.0,0.0014000000000000002
275.75,270.2,280.18,267.87,31020000.0,0.042699999999999995
264.45,264.52,264.75,262.17,14110000.0,0.0026
263.76,259.75,264.62,259.15,16309999.999999998,0.0219
258.12,259.21,260.18,254.82,23130000.0,-0.0021
258.66,261.78,265.69,258.24,18700000.0,-0.0226
264.65,262.2,264.87,260.84,12820000.0,0.0181
259.94,261.21,265.15,259.18,16370000.000000002,-0.025099999999999997
266.63,265.35,268.33,264.8,20010000.0,0.0181
261.9,261.98,266.08,260.1,20140000.0,0.0004
261.79,257.81,263.33,256.9,20220000.0,0.0194
256.82,259.4,259.6,254.82,18830000.0,0.0078000000000000005
254.82,249.4,255.75,246.61,18350000.0,0.0212
249.53,246.5,252.24,245.62,20010000.0,0.002
249.02,255.26,257.99,248.15,19640000.0,-0.0225
254.75,253.31,255.32,248.22,30290000.0,0.026600000000000002
248.15,247.54,249.95,244.13,24710000.0,-0.0173
252.53,258.4,259.2,250.05,28130000.0,-0.009000000000000001
254.82,258.28,261.5,250.19,31280000.0,-0.033
263.52,267.29,272.44,261.79,29210000.0,-0.0327
272.42,270.67,274.52,269.3,18480000.0,0.0236
266.15,270.95,276.64,265.7,24090000.0,-0.0017000000000000001
266.61,270.06,271.39,262.64,18910000.0,-0.0055000000000000005
268.09,275.51,279.16,267.03,24810000.0,-0.0206
273.72,275.77,278.48,271.35,22920000.0,0.009399999999999999
271.16,271.28,279.3,269.42,24860000.0,-0.0409
282.73,287.25,289.0,271.14,30330000.0,-0.0288
291.12,295.99,297.6,283.63,32290000.0,-0.037599999999999995
302.5,298.88,303.6,293.05,24340000.0,0.0239
295.44,294.71,301.49,292.71,17320000.0,0.0076
293.2,293.95,296.88,291.55,17350000.0,-0.0016
293.66,295.0,297.23,290.98,17170000.0,0.0015
293.22,300.16,301.23,292.02,30300000.0,-0.0352
303.91,284.0,304.67,284.0,69020000.0,0.08220000000000001
280.82,272.41,283.09,270.26,42130000.0,0.0347
271.39,271.07,277.25,268.77,23690000.0,0.016399999999999998
267.01,268.69,270.49,266.42,15540000.0,-0.0074
269.01,261.5,269.63,261.46,20300000.0,0.024399999999999998
262.59,261.39,267.91,261.35,23290000.0,0.001
262.34,260.95,265.15,259.26,18690000.0,0.0045000000000000005
261.16,262.5,264.1,259.4,13350000.0,-0.0003
261.24,262.31,262.65,258.68,14790000.0,-0.0002
261.3,261.55,265.16,259.57,17370000.0,0.0054
259.89,258.97,263.9,258.11,21430000.0,0.0147
256.13,260.19,265.92,255.13,28240000.0,-0.026099999999999998
263.0,268.04,273.86,259.69,30250000.0,-0.0203
268.44,264.08,278.89,263.43,72770000.0,0.011899999999999999
265.28,249.04,266.6,248.66,45240000.0,0.0649
249.12,250.19,252.27,247.77,13090000.0,-0.0028000000000000004
249.83,251.56,252.8,247.43,17180000.0,-0.0085
251.96,252.65,255.4,250.33,23130000.0,-0.0067
253.67,255.82,255.85,249.0,53030000.0,0.0817
234.5,230.22,234.89,229.0,20620000.0,0.0052
233.29,231.14,233.7,230.31,13590000.0,0.0138
230.12,234.63,234.96,229.83,14170000.0,-0.014499999999999999
233.5,231.46,234.95,230.83,13160000.0,0.0121
230.71,230.19,233.49,226.9,18330000.0,-0.008100000000000001
232.6,239.63,242.42,231.75,21770000.0,-0.030299999999999997
239.87,240.26,241.9,238.12,15430000.0,-0.0078000000000000005
241.75,246.22,246.91,240.08,19410000.0,-0.015
245.42,240.06,246.05,235.63,20870000.0,0.013999999999999999
242.03,241.0,244.16,237.86,18150000.0,0.0046
240.93,238.0,241.76,236.33,18880000.0,0.0027
240.28,241.55,244.82,238.05,19130000.0,0.0023
239.73,236.76,240.33,232.03,23380000.0,0.0031
239.0,247.0,250.15,238.42,24670000.0,-0.0248
245.07,243.69,245.49,239.32,22980000.0,0.0023
244.5,245.0,246.53,239.24,22170000.0,0.0038
243.58,238.11,246.99,236.59,29790000.0,0.0113
240.86,239.41,247.65,238.82,27890000.0,0.0024
240.28,233.76,240.4,232.27,26210000.0,0.0294
233.42,239.0,240.0,232.61,30630000.0,-0.0174
237.55,228.5,239.0,227.56,43400000.0,0.0462
227.07,220.59,227.5,218.47,33930000.0,0.0291
220.64,209.75,220.75,207.11,58510000.0,0.021099999999999997
216.08,232.64,233.09,215.4,76340000.0,-0.0832
235.68,234.62,237.3,232.74,18700000.0,0.0070999999999999995
234.02,241.2,243.22,232.68,20830000.0,-0.0339
242.24,241.28,245.19,239.86,24020000.0,0.0126
239.22,238.56,240.7,236.91,18920000.0,0.0018
238.79,237.79,240.83,235.55,30080000.0,0.0121
235.94,234.99,236.14,232.15,15780000.0,0.0017000000000000001
235.53,235.0,237.59,231.73,19580000.0,-0.0005
235.65,237.14,238.46,233.0,15240000.0,0.013500000000000002
232.5,225.09,233.77,224.8,15340000.0,0.0171
228.58,229.9,231.66,224.5,22090000.0,0.018500000000000003
224.43,229.94,232.89,223.55,26710000.0,-0.052000000000000005
236.73,240.96,241.21,235.28,20720000.0,-0.008100000000000001
238.67,231.52,239.77,230.41,27460000.0,0.031400000000000004
231.4,229.03,231.55,227.41,15470000.0,0.0027
230.77,226.71,231.35,225.31,16750000.0,0.019799999999999998
226.29,229.56,231.63,224.61,17040000.0,-0.0168
230.16,232.11,232.65,228.53,15380000.0,-0.011000000000000001
232.72,230.94,233.0,226.56,20920000.0,0.0034999999999999996
231.91,224.59,232.44,223.5,18220000.0,0.030299999999999997
225.09,225.2,227.49,222.88,23320000.0,-0.0016
225.46,224.3,231.63,224.0,29420000.0,-0.0161
229.14,229.07,230.56,221.13,34700000.0,-0.0132
232.2,239.77,240.9,231.67,33180000.0,-0.0115
234.91,231.51,235.99,228.74,33930000.0,0.0152
231.39,234.72,237.2,231.2,47780000.0,0.0062
229.97,223.5,231.34,223.19,50160000.0,0.0604
216.88,213.27,220.49,212.83,31840000.0,0.0173
213.19,212.15,214.64,210.94,20170000.0,0.011000000000000001
210.88,205.27,211.34,204.12,19380000.0,0.0197
206.81,202.56,206.93,200.69,17180000.0,0.0083
205.1,209.43,210.78,202.11,20680000.0,-0.023799999999999998
210.1,213.29,215.28,210.0,14700000.0,-0.0144
213.18,210.89,215.0,210.37,12910000.0,0.0039000000000000003
212.35,212.24,213.21,210.85,12520000.0,0.0052
211.26,211.16,211.6,209.04,15150000.0,0.0134
208.47,208.12,211.6,206.66,21860000.0,0.0068000000000000005
207.07,207.02,210.38,206.5,21070000.0,0.0088
205.26,200.2,205.91,198.76,19250000.0,0.0148
202.27,201.6,207.28,199.05,30420000.0,-0.011899999999999999
204.71,206.92,209.69,201.57,46230000.0,0.0542
194.19,190.93,196.91,190.0,45950000.0,0.0617
182.91,188.66,189.2,182.56,21730000.0,-0.0245
187.5,192.66,193.75,187.41,29200000.0,-0.013500000000000002
190.07,183.23,190.41,180.82,28870000.0,0.026699999999999998
185.13,184.08,187.05,183.15,21430000.0,0.015600000000000001
182.28,178.45,184.78,178.14,33369999.999999996,0.0672
170.8,175.25,175.38,168.34,24850000.0,-0.0417
178.24,177.41,180.5,176.77,16110000.0,-0.005600000000000001
179.24,179.2,180.28,176.66,20970000.0,0.017
176.25,177.95,178.05,172.51,23590000.0,-0.0040999999999999995
176.97,175.19,178.19,172.82,17420000.0,-0.0067
178.17,178.98,181.22,176.62,21010000.0,0.019299999999999998
174.79,173.67,175.0,169.45,19360000.0,-0.0023
175.19,175.9,177.08,171.57,23530000.0,0.0052
174.28,171.25,175.0,167.74,21660000.0,0.0323
168.83,171.79,173.39,166.01,31410000.0,0.019799999999999998
165.55,160.15,166.2,158.51,28450000.0,0.0737
154.18,157.15,157.91,150.83,25980000.0,-0.0253
158.19,159.1,161.35,155.92,20890000.0,-0.0088
159.6,161.62,164.15,158.03,19510000.0,-0.0432
166.8,165.48,170.93,164.2,23680000.0,0.0051
165.95,159.18,166.75,158.06,22520000.0,0.0584
156.79,158.2,160.09,154.75,24880000.0,-0.0401
163.34,158.25,164.0,157.02,26580000.0,0.045599999999999995
156.21,158.92,162.99,153.06,35180000.0,-0.0296
160.98,155.21,161.31,152.57,30440000.0,0.087
148.1,149.66,152.31,142.25,29830000.0,-0.0109
149.73,156.02,159.27,148.0,32570000.0,-0.0222
153.13,146.62,159.93,144.8,39860000.0,0.042
146.96,139.75,148.18,137.1,37550000.0,-0.0165
149.42,150.74,153.94,140.0,34260000.0,0.023399999999999997
146.01,152.32,159.13,143.1,39120000.0,-0.1425
170.28,163.53,170.79,157.6,35030000.0,0.1023
154.47,159.54,166.6,154.34,43270000.0,-0.0926
170.24,174.01,175.88,167.66,20400000.0,-0.0446
178.19,174.67,178.29,169.5,24520000.0,0.0513
169.5,169.6,175.0,165.19,29950000.0,-0.064
181.09,178.33,183.78,176.26,24560000.0,-0.022000000000000002
185.17,186.78,188.99,183.89,19330000.0,-0.0344
191.76,189.17,191.83,186.39,23060000.0,0.0316
185.89,196.22,197.24,183.97,27980000.0,-0.0537
196.44,194.03,196.57,188.85,24950000.0,0.0206
192.47,182.69,192.74,181.82,32580000.0,0.0143
189.75,191.82,195.88,189.5,21680000.0,-0.0378
197.2,197.19,201.21,195.49,16559999.999999998,0.0022
196.77,202.25,203.5,195.95,21430000.0,-0.0197
200.72,201.8,203.65,198.17,23080000.0,-0.045
210.18,213.48,214.24,208.83,14100000.0,-0.020499999999999997
214.58,216.52,218.76,212.94,13110000.0,-0.0134
217.49,217.99,218.32,216.11,12140000.0,-0.0014000000000000002
217.8,213.55,217.97,213.4,15630000.0,0.0169
214.18,214.0,214.93,212.65,10740000.0,0.0049
213.14,209.52,214.33,209.18,15400000.0,0.0113
210.76,207.85,211.22,207.4,13810000.0,0.0172
207.19,210.19,210.86,206.51,25030000.0,-0.0276
213.06,211.52,213.8,210.66,11860000.0,0.0034000000000000002
212.33,210.3,212.82,209.93,12240000.0,0.006999999999999999
210.85,210.47,211.19,209.34,10570000.0,0.0034999999999999996
210.11,212.51,212.73,208.71,12540000.0,0.0013
209.83,206.62,210.6,205.2,19630000.0,0.0276
204.19,203.44,205.14,202.5,15510000.0,0.0113
201.91,208.43,208.69,201.06,31360000.0,-0.0364
209.53,206.53,211.43,204.75,48780000.0,-0.061399999999999996
223.23,221.44,224.2,218.45,33610000.0,0.025
217.79,216.14,218.74,213.52,13410000.0,0.013600000000000001
214.87,213.1,216.06,212.5,13810000.0,-0.0141
217.94,220.8,221.78,216.11,11910000.0,-0.0083
219.76,220.75,221.49,219.27,11200000.0,-0.006999999999999999
221.32,222.31,222.75,221.28,12210000.0,-0.0005
221.44,222.16,222.37,219.12,14280000.0,-0.0032
222.14,222.03,222.29,220.53,15910000.0,0.0017000000000000001
221.77,222.57,222.63,220.39,10020000.0,0.0028000000000000004
221.15,220.61,221.68,220.14,10040000.0,0.0095
219.06,221.61,222.38,218.63,13320000.0,-0.0128
221.91,219.6,221.97,219.21,14490000.0,0.0177
218.06,219.2,219.88,217.42,12130000.0,-0.0011
218.3,217.54,218.38,216.28,12680000.0,0.0143
215.22,213.0,216.24,212.61,13490000.0,0.0101
213.06,212.82,214.58,211.75,15110000.0,0.0022
212.6,206.7,212.78,206.52,17070000.0,0.018799999999999997
208.67,207.21,210.4,206.95,11200000.0,-0.0053
209.78,206.75,209.79,206.27,12090000.0,0.022099999999999998
